seccion,titulo,descripcion,enlace,fecha,desc_limpia,tokens,tokens_sin_stop,num_palabras,long_titulo
general,Takeaways from Thunder-Lakers Game 4,Here's what we've learned -- and what's next for the Cavs-Pistons and the Wolves-Spurs series.,https://www.espn.com/nba/story/_/id/48676289/2026-nba-playoffs-conference-semifinals-round-2-takeaways,"Tue, 12 May 2026 02:05:06 EST",heres what weve learned  and whats next for the cavspistons and the wolvesspurs series,"['heres', 'what', 'weve', 'learned', 'and', 'whats', 'next', 'for', 'the', 'cavspistons', 'and', 'the', 'wolvesspurs', 'series']","['heres', 'weve', 'learned', 'whats', 'next', 'cavspistons', 'wolvesspurs', 'series']",8,36
general,LeBron: 'I don't know what the future holds',"LeBron James, whose record-setting 23rd season ended with an unceremonious 115-110 loss to the Thunder in Game 4 of a second-round sweep of the Lakers, was noncommittal about whether he will continue playing in L.A. -- or elsewhere.",https://www.espn.com/nba/story/_/id/48747842/lakers-lebron-james-know-future-holds-me,"Tue, 12 May 2026 07:00:09 EST",lebron james whose recordsetting rd season ended with an unceremonious  loss to the thunder in game  of a secondround sweep of the lakers was noncommittal about whether he will continue playing in la  or elsewhere,"['lebron', 'james', 'whose', 'recordsetting', 'rd', 'season', 'ended', 'with', 'an', 'unceremonious', 'loss', 'to', 'the', 'thunder', 'in', 'game', 'of', 'a', 'secondround', 'sweep', 'of', 'the', 'lakers', 'was', 'noncommittal', 'about', 'whether', 'he', 'will', 'continue', 'playing', 'in', 'la', 'or', 'elsewhere']","['lebron', 'james', 'whose', 'recordsetting', 'season', 'ended', 'unceremonious', 'loss', 'thunder', 'game', 'secondround', 'sweep', 'lakers', 'noncommittal', 'whether', 'continue', 'playing', 'elsewhere']",18,44
general,OKC escapes late L.A. charge to complete sweep,"The Lakers refused to fold while facing elimination, but the Thunder ultimately pulled away to improve to 8-0 this postseason.",https://www.espn.com/nba/story/_/id/48747206/thunder-escape-late-lakers-charge-complete-sweep,"Tue, 12 May 2026 07:00:09 EST",the lakers refused to fold while facing elimination but the thunder ultimately pulled away to improve to  this postseason,"['the', 'lakers', 'refused', 'to', 'fold', 'while', 'facing', 'elimination', 'but', 'the', 'thunder', 'ultimately', 'pulled', 'away', 'to', 'improve', 'to', 'this', 'postseason']","['lakers', 'refused', 'fold', 'facing', 'elimination', 'thunder', 'ultimately', 'pulled', 'away', 'improve', 'postseason']",11,46
general,Bickerstaff calls FT disparity in loss 'unacceptab...,"Pistons coach J.B. Bickerstaff called the gulf in attempted free throws between his team and the Cavaliers in Monday's Game 4 loss ""unacceptable.""",https://www.espn.com/nba/story/_/id/48747058/bickerstaff-calls-ft-disparity-game-4-loss-unacceptable,"Tue, 12 May 2026 07:00:09 EST",pistons coach jb bickerstaff called the gulf in attempted free throws between his team and the cavaliers in mondays game  loss unacceptable,"['pistons', 'coach', 'jb', 'bickerstaff', 'called', 'the', 'gulf', 'in', 'attempted', 'free', 'throws', 'between', 'his', 'team', 'and', 'the', 'cavaliers', 'in', 'mondays', 'game', 'loss', 'unacceptable']","['pistons', 'coach', 'bickerstaff', 'called', 'gulf', 'attempted', 'free', 'throws', 'team', 'cavaliers', 'mondays', 'game', 'loss', 'unacceptable']",14,53
general,Mitchell's record-tying 2nd half evens East semis,"Donovan Mitchell tied an NBA playoff record with 39 points in the second half, and the Cavaliers evened their second-round series against the Pistons with a 112-103 victory Monday night.",https://www.espn.com/nba/story/_/id/48746487/donovan-mitchell-ties-nba-playoff-record-39-points-second-half-cavaliers-even-series-vs-pistons,"Tue, 12 May 2026 07:00:09 EST",donovan mitchell tied an nba playoff record with  points in the second half and the cavaliers evened their secondround series against the pistons with a  victory monday night,"['donovan', 'mitchell', 'tied', 'an', 'nba', 'playoff', 'record', 'with', 'points', 'in', 'the', 'second', 'half', 'and', 'the', 'cavaliers', 'evened', 'their', 'secondround', 'series', 'against', 'the', 'pistons', 'with', 'a', 'victory', 'monday', 'night']","['donovan', 'mitchell', 'tied', 'nba', 'playoff', 'record', 'points', 'second', 'half', 'cavaliers', 'evened', 'secondround', 'series', 'pistons', 'victory', 'monday', 'night']",17,49
general,Kiffin: LSU's 'diversity' recruiting edge vs. Rebe...,"LSU coach Lane Kiffin implied the lack of diversity at Ole Miss hurt his ability to recruit players, saying parents have told him Baton Rouge feels more reflective of the ""real world.""",https://www.espn.com/college-football/story/_/id/48744747/kiffin-lsu-diversity-recruitment-advantage-vs-ole-miss,"Tue, 12 May 2026 07:00:09 EST",lsu coach lane kiffin implied the lack of diversity at ole miss hurt his ability to recruit players saying parents have told him baton rouge feels more reflective of the real world,"['lsu', 'coach', 'lane', 'kiffin', 'implied', 'the', 'lack', 'of', 'diversity', 'at', 'ole', 'miss', 'hurt', 'his', 'ability', 'to', 'recruit', 'players', 'saying', 'parents', 'have', 'told', 'him', 'baton', 'rouge', 'feels', 'more', 'reflective', 'of', 'the', 'real', 'world']","['lsu', 'coach', 'lane', 'kiffin', 'implied', 'lack', 'diversity', 'ole', 'miss', 'hurt', 'ability', 'recruit', 'players', 'saying', 'parents', 'told', 'baton', 'rouge', 'feels', 'reflective', 'real', 'world']",22,53
general,Wild's McCarron labels Avs' Manson 'a dirty player...,Avalanche defenseman Josh Manson returned from a five-game absence Monday night in Game 4 and took a double minor penalty for hitting Wild center Michael McCarron with the blunt end of his stick during a scrum midway through the first period.,https://www.espn.com/nhl/story/_/id/48747287/wild-michael-mccarron-calls-avalanche-josh-manson-dirty-player-butt-ending-face,"Tue, 12 May 2026 07:00:09 EST",avalanche defenseman josh manson returned from a fivegame absence monday night in game  and took a double minor penalty for hitting wild center michael mccarron with the blunt end of his stick during a scrum midway through the first period,"['avalanche', 'defenseman', 'josh', 'manson', 'returned', 'from', 'a', 'fivegame', 'absence', 'monday', 'night', 'in', 'game', 'and', 'took', 'a', 'double', 'minor', 'penalty', 'for', 'hitting', 'wild', 'center', 'michael', 'mccarron', 'with', 'the', 'blunt', 'end', 'of', 'his', 'stick', 'during', 'a', 'scrum', 'midway', 'through', 'the', 'first', 'period']","['avalanche', 'defenseman', 'josh', 'manson', 'returned', 'fivegame', 'absence', 'monday', 'night', 'game', 'took', 'double', 'minor', 'penalty', 'hitting', 'wild', 'center', 'michael', 'mccarron', 'blunt', 'end', 'stick', 'scrum', 'midway', 'first', 'period']",26,53
general,Sources: Struggling Mets call up prospect Ewing,"The Mets are calling up their No. 2 prospect, outfielder A.J. Ewing, in hopes of sparking a struggling offense.",https://www.espn.com/mlb/story/_/id/48746188/sources-struggling-mets-call-prospect-aj-ewing,"Tue, 12 May 2026 07:00:09 EST",the mets are calling up their no  prospect outfielder aj ewing in hopes of sparking a struggling offense,"['the', 'mets', 'are', 'calling', 'up', 'their', 'no', 'prospect', 'outfielder', 'aj', 'ewing', 'in', 'hopes', 'of', 'sparking', 'a', 'struggling', 'offense']","['mets', 'calling', 'prospect', 'outfielder', 'ewing', 'hopes', 'sparking', 'struggling', 'offense']",9,47
general,Bills to open new stadium in Week 2 vs. Lions,"The Bills will play their first regular-season game at their new home, the newly constructed Highmark Stadium, in Week 2 against the Lions, it was announced Monday.",https://www.espn.com/nfl/story/_/id/48744949/bills-play-first-regular-season-game-new-stadium-week-2,"Tue, 12 May 2026 07:00:09 EST",the bills will play their first regularseason game at their new home the newly constructed highmark stadium in week  against the lions it was announced monday,"['the', 'bills', 'will', 'play', 'their', 'first', 'regularseason', 'game', 'at', 'their', 'new', 'home', 'the', 'newly', 'constructed', 'highmark', 'stadium', 'in', 'week', 'against', 'the', 'lions', 'it', 'was', 'announced', 'monday']","['bills', 'play', 'first', 'regularseason', 'game', 'new', 'home', 'newly', 'constructed', 'highmark', 'stadium', 'week', 'lions', 'announced', 'monday']",15,45
general,"⚾ MLB free agency: Skubal status, top hitter, more...",We polled those around the industry about the most intriguing topics surrounding this upcoming offseason.,https://www.espn.com/mlb/story/_/id/48733848/mlb-2026-27-free-agency-offseason-questions-market-skubal-lockout-top-free-agent,"Tue, 12 May 2026 07:00:09 EST",we polled those around the industry about the most intriguing topics surrounding this upcoming offseason,"['we', 'polled', 'those', 'around', 'the', 'industry', 'about', 'the', 'most', 'intriguing', 'topics', 'surrounding', 'this', 'upcoming', 'offseason']","['polled', 'around', 'industry', 'intriguing', 'topics', 'surrounding', 'upcoming', 'offseason']",8,53
general,"The French Connection: Gobert, Wemby put their friendship on hold for the playoffs",The French big men have been friends for a decade and now face off against each other in a 2-2 series.,https://www.espn.com/nba/story/_/id/48742665/rivalry-friendship-rudy-gobert-victor-wembanyama-spurs-timberwolves-playoffs,"Tue, 12 May 2026 07:07:48 EST",the french big men have been friends for a decade and now face off against each other in a  series,"['the', 'french', 'big', 'men', 'have', 'been', 'friends', 'for', 'a', 'decade', 'and', 'now', 'face', 'off', 'against', 'each', 'other', 'in', 'a', 'series']","['french', 'big', 'men', 'friends', 'decade', 'face', 'series']",7,82
general,"Lucky socks, a fishhook and pickup hoops: How the ...",ESPN was granted behind-the-scenes access to Washington on the day the franchise secured the No. 1 pick of the 2026 NBA draft.,https://www.espn.com/nba/story/_/id/48742366/washington-wizards-nba-lottery-draft-2026-first-overall-pick-aj-dybantsa,"Tue, 12 May 2026 08:05:27 EST",espn was granted behindthescenes access to washington on the day the franchise secured the no  pick of the  nba draft,"['espn', 'was', 'granted', 'behindthescenes', 'access', 'to', 'washington', 'on', 'the', 'day', 'the', 'franchise', 'secured', 'the', 'no', 'pick', 'of', 'the', 'nba', 'draft']","['espn', 'granted', 'behindthescenes', 'access', 'washington', 'day', 'franchise', 'secured', 'pick', 'nba', 'draft']",11,53
general,Windhorst: Everything I saw inside the NBA's myste...,Here's everything that transpired as the ping-pong balls were selected.,https://www.espn.com/nba/story/_/id/48737761/inside-secret-nba-lottery-room-ahead-2026-draft-picks-rounds-jokes-silence-ping-pong-balls,"Tue, 12 May 2026 08:05:26 EST",heres everything that transpired as the pingpong balls were selected,"['heres', 'everything', 'that', 'transpired', 'as', 'the', 'pingpong', 'balls', 'were', 'selected']","['heres', 'everything', 'transpired', 'pingpong', 'balls', 'selected']",6,53
general,"Wait, why didn't my NFL team ____? Reasonable answ...","Let's make sense of the Cowboys not extending George Pickens, the Steelers bypassing QB upgrades, the Dolphins not trading De'Von Achane and more.",https://www.espn.com/nfl/story/_/id/48742512/2026-nfl-offseason-10-teams-questions-explaining-missed-moves,"Tue, 12 May 2026 07:14:23 EST",lets make sense of the cowboys not extending george pickens the steelers bypassing qb upgrades the dolphins not trading devon achane and more,"['lets', 'make', 'sense', 'of', 'the', 'cowboys', 'not', 'extending', 'george', 'pickens', 'the', 'steelers', 'bypassing', 'qb', 'upgrades', 'the', 'dolphins', 'not', 'trading', 'devon', 'achane', 'and', 'more']","['lets', 'make', 'sense', 'cowboys', 'extending', 'george', 'pickens', 'steelers', 'bypassing', 'upgrades', 'dolphins', 'trading', 'devon', 'achane']",14,53
general,Three questions facing Lamar Jackson and the Raven...,"Heading into next week's organized team activities, the Ravens have some major questions to address.",https://www.espn.com/nfl/story/_/id/48741815/questions-facing-lamar-jackson-baltimore-ravens-ravens-center-tyler-linderbaum-nnamdi-madubuike,"Tue, 12 May 2026 07:14:23 EST",heading into next weeks organized team activities the ravens have some major questions to address,"['heading', 'into', 'next', 'weeks', 'organized', 'team', 'activities', 'the', 'ravens', 'have', 'some', 'major', 'questions', 'to', 'address']","['heading', 'next', 'weeks', 'organized', 'team', 'activities', 'ravens', 'major', 'questions', 'address']",10,53
general,Rich Rodriguez Q&A: The secret sauce at West Virgi...,"At his second go-around in Morgantown, Rodriguez notes how much has changed and what's stayed the same.",https://www.espn.com/college-football/story/_/id/48679548/west-virginia-rich-rodriguez-qa-college-football,"Tue, 12 May 2026 07:08:21 EST",at his second goaround in morgantown rodriguez notes how much has changed and whats stayed the same,"['at', 'his', 'second', 'goaround', 'in', 'morgantown', 'rodriguez', 'notes', 'how', 'much', 'has', 'changed', 'and', 'whats', 'stayed', 'the', 'same']","['second', 'goaround', 'morgantown', 'rodriguez', 'notes', 'much', 'changed', 'whats', 'stayed']",9,53
general,"CFB buzz: Army-Navy's future, last JMU Hoosier, la...",What we heard around college football after the completion of spring practice.,https://www.espn.com/college-football/story/_/id/48695281/college-football-spring-buzz-week-0-cfp-ohio-state-notre-dame-army-navy,"Tue, 12 May 2026 07:08:21 EST",what we heard around college football after the completion of spring practice,"['what', 'we', 'heard', 'around', 'college', 'football', 'after', 'the', 'completion', 'of', 'spring', 'practice']","['heard', 'around', 'college', 'football', 'completion', 'spring', 'practice']",7,53
general,Why so many good teams have closer issues -- and h...,"Bullpens are more volatile than ever, and closers with a capital C are few and far between, even for baseball's elite.",https://www.espn.com/mlb/story/_/id/48742800/mlb-2026-closer-bullpen-struggles-impact-rest-season-deadline,"Tue, 12 May 2026 07:11:47 EST",bullpens are more volatile than ever and closers with a capital c are few and far between even for baseballs elite,"['bullpens', 'are', 'more', 'volatile', 'than', 'ever', 'and', 'closers', 'with', 'a', 'capital', 'c', 'are', 'few', 'and', 'far', 'between', 'even', 'for', 'baseballs', 'elite']","['bullpens', 'volatile', 'ever', 'closers', 'capital', 'far', 'even', 'baseballs', 'elite']",9,53
general,How two lefty sluggers are powering the best offen...,Matt Olson and Drake Baldwin headline a lineup that has the Braves running away with the NL East.,https://www.espn.com/mlb/story/_/id/48742605/mlb-2026-matt-olson-drake-baldwin-atlanta-braves-lineup-offsense-nl-east,"Tue, 12 May 2026 07:11:47 EST",matt olson and drake baldwin headline a lineup that has the braves running away with the nl east,"['matt', 'olson', 'and', 'drake', 'baldwin', 'headline', 'a', 'lineup', 'that', 'has', 'the', 'braves', 'running', 'away', 'with', 'the', 'nl', 'east']","['matt', 'olson', 'drake', 'baldwin', 'headline', 'lineup', 'braves', 'running', 'away', 'east']",10,53
general,"PGA Championship tiers: Ranking favorites, contend...",Can Scottie Scheffler repeat? Will Rory McIlroy make it two straight majors? We break down the PGA Championship field from the favorites to the players just looking to make the cut.,https://www.espn.com/golf/story/_/page/PGArankings2026/2026-pga-championship-ranking-favorites-contenders-hopefuls,"Tue, 12 May 2026 06:40:29 EST",can scottie scheffler repeat will rory mcilroy make it two straight majors we break down the pga championship field from the favorites to the players just looking to make the cut,"['can', 'scottie', 'scheffler', 'repeat', 'will', 'rory', 'mcilroy', 'make', 'it', 'two', 'straight', 'majors', 'we', 'break', 'down', 'the', 'pga', 'championship', 'field', 'from', 'the', 'favorites', 'to', 'the', 'players', 'just', 'looking', 'to', 'make', 'the', 'cut']","['scottie', 'scheffler', 'repeat', 'rory', 'mcilroy', 'make', 'two', 'straight', 'majors', 'break', 'pga', 'championship', 'field', 'favorites', 'players', 'looking', 'make', 'cut']",18,53
general,"Latest news and analysis, how to watch and more fr...",The PGA Championship heads to Aronimink Golf Club outside of Philadelphia. Here's all the coverage.,https://www.espn.com/golf/story/_/page/PGAchampionship2026/pga-championship-2026-news-tee-s-schedule-television-complete-coverage-analysis,"Mon, 11 May 2026 14:14:23 EST",the pga championship heads to aronimink golf club outside of philadelphia heres all the coverage,"['the', 'pga', 'championship', 'heads', 'to', 'aronimink', 'golf', 'club', 'outside', 'of', 'philadelphia', 'heres', 'all', 'the', 'coverage']","['pga', 'championship', 'heads', 'aronimink', 'golf', 'club', 'outside', 'philadelphia', 'heres', 'coverage']",10,53
general,'Blast from the past': How Taylor Hall found his M...,"The No. 1 pick (2010) and Hart Trophy winner (2018) is a critical player for the Canes, who have yet to lose this postseason.",https://www.espn.com/nhl/story/_/id/48743578/2026-nhl-playoffs-stanley-cup-taylor-hall-mvp-carolina-hurricanes,"Tue, 12 May 2026 07:07:36 EST",the no  pick  and hart trophy winner  is a critical player for the canes who have yet to lose this postseason,"['the', 'no', 'pick', 'and', 'hart', 'trophy', 'winner', 'is', 'a', 'critical', 'player', 'for', 'the', 'canes', 'who', 'have', 'yet', 'to', 'lose', 'this', 'postseason']","['pick', 'hart', 'trophy', 'winner', 'critical', 'player', 'canes', 'yet', 'lose', 'postseason']",10,53
general,"Stanley Cup playoffs daily: Sabres want revenge, p...","It's a crucial night on the calendar with an ESPN doubleheader. Plus, highlights from Avs-Wild Game 4.",https://www.espn.com/nhl/story/_/id/48526483/2026-nhl-playoffs-stanley-cup-preview-stats-schedule-top-players-bracket-matchups,"Tue, 12 May 2026 07:21:57 EST",its a crucial night on the calendar with an espn doubleheader plus highlights from avswild game ,"['its', 'a', 'crucial', 'night', 'on', 'the', 'calendar', 'with', 'an', 'espn', 'doubleheader', 'plus', 'highlights', 'from', 'avswild', 'game']","['crucial', 'night', 'calendar', 'espn', 'doubleheader', 'plus', 'highlights', 'avswild', 'game']",9,53
general,10 things we learned from the WNBA's opening weeke...,"Even with a short roster, New York is a front-runner, Phoenix has no shortage of talent, and the Dream are even better.",https://www.espn.com/wnba/story/_/id/48736313/wnba-2026-season-opener-takeaways-caitlin-clark-fever-wings-liberty-aces,"Mon, 11 May 2026 11:50:43 EST",even with a short roster new york is a frontrunner phoenix has no shortage of talent and the dream are even better,"['even', 'with', 'a', 'short', 'roster', 'new', 'york', 'is', 'a', 'frontrunner', 'phoenix', 'has', 'no', 'shortage', 'of', 'talent', 'and', 'the', 'dream', 'are', 'even', 'better']","['even', 'short', 'roster', 'new', 'york', 'frontrunner', 'phoenix', 'shortage', 'talent', 'dream', 'even', 'better']",12,53
general,How Belmont's Maya Johnson managed lupus to become...,"The Bruins ace was turned away by major programs for medical reasons. Now, in the postseason, she's looking to beat them.",https://www.espn.com/college-sports/story/_/id/48740541/belmont-softball-maya-johnson-lupus,"Tue, 12 May 2026 07:09:52 EST",the bruins ace was turned away by major programs for medical reasons now in the postseason shes looking to beat them,"['the', 'bruins', 'ace', 'was', 'turned', 'away', 'by', 'major', 'programs', 'for', 'medical', 'reasons', 'now', 'in', 'the', 'postseason', 'shes', 'looking', 'to', 'beat', 'them']","['bruins', 'ace', 'turned', 'away', 'major', 'programs', 'medical', 'reasons', 'postseason', 'shes', 'looking', 'beat']",12,53
general,Why a familiar summer awaits Joel Embiid and the 7...,"After a historic comeback gave way to a second-round sweep, the 76ers face another offseason of questions.",https://www.espn.com/nba/story/_/id/48622748/nba-playoffs-2026-embiid-76ers-face-familiar-offseason-knicks-sweep,"Mon, 11 May 2026 16:34:19 EST",after a historic comeback gave way to a secondround sweep the ers face another offseason of questions,"['after', 'a', 'historic', 'comeback', 'gave', 'way', 'to', 'a', 'secondround', 'sweep', 'the', 'ers', 'face', 'another', 'offseason', 'of', 'questions']","['historic', 'comeback', 'gave', 'way', 'secondround', 'sweep', 'ers', 'face', 'another', 'offseason', 'questions']",11,53
general,As it happened: Washington wins the No. 1 pick in the NBA 2026 draft lottery,Here is how the NBA 2026 draft lottery unfolded from Chicago on Sunday as the Wizards won the No. 1 pick.,https://www.espn.com/nba/story/_/id/48706896/nba-draft-lottery-2026-live-updates-moments,"Sun, 10 May 2026 15:49:57 EST",here is how the nba  draft lottery unfolded from chicago on sunday as the wizards won the no  pick,"['here', 'is', 'how', 'the', 'nba', 'draft', 'lottery', 'unfolded', 'from', 'chicago', 'on', 'sunday', 'as', 'the', 'wizards', 'won', 'the', 'no', 'pick']","['nba', 'draft', 'lottery', 'unfolded', 'chicago', 'sunday', 'wizards', 'pick']",8,76
general,Inside Real Madrid's downward spiral into infighti...,"In another season with no major trophy, Real Madrid have had to deal with players fighting and problems at team and boardroom level. How did it come to this?",https://www.espn.com/soccer/story/_/id/48739869/real-madrid-downward-spiral-infighting-disarray-no-trophies,"Tue, 12 May 2026 07:24:07 EST",in another season with no major trophy real madrid have had to deal with players fighting and problems at team and boardroom level how did it come to this,"['in', 'another', 'season', 'with', 'no', 'major', 'trophy', 'real', 'madrid', 'have', 'had', 'to', 'deal', 'with', 'players', 'fighting', 'and', 'problems', 'at', 'team', 'and', 'boardroom', 'level', 'how', 'did', 'it', 'come', 'to', 'this']","['another', 'season', 'major', 'trophy', 'real', 'madrid', 'deal', 'players', 'fighting', 'problems', 'team', 'boardroom', 'level', 'come']",14,53
general,"How Barcelona won LaLiga title, and how they can g...","It will be hard to top sealing the title in El Clásico, but 2025-26 is a season that has left Barcelona wanting more.",https://www.espn.com/soccer/story/_/id/48739456/how-barcelona-won-laliga-how-get-even-better,"Tue, 12 May 2026 07:24:06 EST",it will be hard to top sealing the title in el clsico but  is a season that has left barcelona wanting more,"['it', 'will', 'be', 'hard', 'to', 'top', 'sealing', 'the', 'title', 'in', 'el', 'clsico', 'but', 'is', 'a', 'season', 'that', 'has', 'left', 'barcelona', 'wanting', 'more']","['hard', 'top', 'sealing', 'title', 'clsico', 'season', 'left', 'barcelona', 'wanting']",9,53
general,"Hat trick: Alex Morgan pregnant with third baby, e...","Former USWNT star Alex Morgan announced on Mother's Day that she and her partner, Servando Carrasco, are expecting their third child together.",https://www.espn.com/soccer/story/_/id/48738086/alex-morgan-third-baby-announcement-pregnancy,"Mon, 11 May 2026 23:46:10 EST",former uswnt star alex morgan announced on mothers day that she and her partner servando carrasco are expecting their third child together,"['former', 'uswnt', 'star', 'alex', 'morgan', 'announced', 'on', 'mothers', 'day', 'that', 'she', 'and', 'her', 'partner', 'servando', 'carrasco', 'are', 'expecting', 'their', 'third', 'child', 'together']","['former', 'uswnt', 'star', 'alex', 'morgan', 'announced', 'mothers', 'day', 'partner', 'servando', 'carrasco', 'expecting', 'third', 'child', 'together']",15,53
general,Celebrities at the NBA playoffs: Leonardo DiCaprio...,Celebrities have been out in style courtside at the NBA playoffs.,https://www.espn.com/nba/story/_/id/48514336/nba-playoffs-2026-celebrity-sightings,"Mon, 11 May 2026 23:46:10 EST",celebrities have been out in style courtside at the nba playoffs,"['celebrities', 'have', 'been', 'out', 'in', 'style', 'courtside', 'at', 'the', 'nba', 'playoffs']","['celebrities', 'style', 'courtside', 'nba', 'playoffs']",5,53
general,UFC 328 fight grades: Khamzat Chimaev vs. Sean Str...,"There were seven finishes on the UFC 328 card, but only one of them earned an A grade.",https://www.espn.com/mma/story/_/id/48736888/ufc-328-fight-grades-sean-strickland-khamzat-chimaev-joshua-van-tatsuro-taira,"Mon, 11 May 2026 12:36:39 EST",there were seven finishes on the ufc  card but only one of them earned an a grade,"['there', 'were', 'seven', 'finishes', 'on', 'the', 'ufc', 'card', 'but', 'only', 'one', 'of', 'them', 'earned', 'an', 'a', 'grade']","['seven', 'finishes', 'ufc', 'card', 'one', 'earned', 'grade']",7,53
general,What's next: Will Sean Strickland and Khamzat Chim...,"The most-likely next opponent -- and a few wild cards -- for the winners, losers from the UFC 328 main card.",https://www.espn.com/mma/story/_/id/48728899/ufc-328-whats-next-sean-strickland-khamzat-chimaev-run-back,"Mon, 11 May 2026 12:36:39 EST",the mostlikely next opponent  and a few wild cards  for the winners losers from the ufc  main card,"['the', 'mostlikely', 'next', 'opponent', 'and', 'a', 'few', 'wild', 'cards', 'for', 'the', 'winners', 'losers', 'from', 'the', 'ufc', 'main', 'card']","['mostlikely', 'next', 'opponent', 'wild', 'cards', 'winners', 'losers', 'ufc', 'main', 'card']",10,53
general,"Week 13 in college baseball: Top 25, best moments ...",What do the latest top 25 rankings look like?,https://www.espn.com/college-sports/story/_/id/48740731/college-baseball-week-13-top-25-rankings-top-player-game-watch-2026,"Mon, 11 May 2026 15:52:21 EST",what do the latest top  rankings look like,"['what', 'do', 'the', 'latest', 'top', 'rankings', 'look', 'like']","['latest', 'top', 'rankings', 'look', 'like']",5,53
general,"Softball: NCAA tournament scores, schedule, watch",Everything you need to know about the softball postseason is here.,https://www.espn.com/college-sports/story/_/id/48734760/college-softball-2026-wcws-ncaa-tournament-watch-schedule-scores,"Mon, 11 May 2026 15:52:20 EST",everything you need to know about the softball postseason is here,"['everything', 'you', 'need', 'to', 'know', 'about', 'the', 'softball', 'postseason', 'is', 'here']","['everything', 'need', 'know', 'softball', 'postseason']",5,49
general,"WWE Backlash takeaways: Breakker's breakout, Reign...",WWE Backlash was defined by rising young stars and the intensifying feud between Roman Reigns and Jacob Fatu.,https://www.espn.com/wwe/story/_/id/48726269/wwe-backlash-takeaways-breakker-breakout-reigns-troubles-more,"Mon, 11 May 2026 07:58:25 EST",wwe backlash was defined by rising young stars and the intensifying feud between roman reigns and jacob fatu,"['wwe', 'backlash', 'was', 'defined', 'by', 'rising', 'young', 'stars', 'and', 'the', 'intensifying', 'feud', 'between', 'roman', 'reigns', 'and', 'jacob', 'fatu']","['wwe', 'backlash', 'defined', 'rising', 'young', 'stars', 'intensifying', 'feud', 'roman', 'reigns', 'jacob', 'fatu']",12,53
general,MLS: NYCFC soar after Wolf's stellar hat trick,NYCFC were among the biggest risers in this week's edition of ESPN's MLS Power Rankings.,https://www.espn.com/soccer/story/_/id/48741643/mls-power-rankings-nycfc-soar-hannes-wolf-hat-trick,"Mon, 11 May 2026 13:35:08 EST",nycfc were among the biggest risers in this weeks edition of espns mls power rankings,"['nycfc', 'were', 'among', 'the', 'biggest', 'risers', 'in', 'this', 'weeks', 'edition', 'of', 'espns', 'mls', 'power', 'rankings']","['nycfc', 'among', 'biggest', 'risers', 'weeks', 'edition', 'espns', 'mls', 'power', 'rankings']",10,46
general,"NWSL: San Diego takes top spot, Washington's strea...","Our new No. 1 in the ESPN's NWSL Power Rankings is the San Diego Wave, though the Washington Spirit's hot streak continues.",https://www.espn.com/soccer/story/_/id/48741480/nwsl-power-rankings-san-diego-wave-take-top-spot-washington-spirit-streaks-continue,"Mon, 11 May 2026 13:35:08 EST",our new no  in the espns nwsl power rankings is the san diego wave though the washington spirits hot streak continues,"['our', 'new', 'no', 'in', 'the', 'espns', 'nwsl', 'power', 'rankings', 'is', 'the', 'san', 'diego', 'wave', 'though', 'the', 'washington', 'spirits', 'hot', 'streak', 'continues']","['new', 'espns', 'nwsl', 'power', 'rankings', 'san', 'diego', 'wave', 'though', 'washington', 'spirits', 'hot', 'streak', 'continues']",14,53
general,"Fans, managers can hate on VAR, but  David Raya in...","Arsenal boss Mikel Arteta is the embodiment of how football wants VAR to work both ways. But Sunday's decision was right, and isn't that what we all want?",https://www.espn.com/soccer/story/_/id/48739444/fans-managers-hate-var-raya-incident-why-exists,"Tue, 12 May 2026 07:56:24 EST",arsenal boss mikel arteta is the embodiment of how football wants var to work both ways but sundays decision was right and isnt that what we all want,"['arsenal', 'boss', 'mikel', 'arteta', 'is', 'the', 'embodiment', 'of', 'how', 'football', 'wants', 'var', 'to', 'work', 'both', 'ways', 'but', 'sundays', 'decision', 'was', 'right', 'and', 'isnt', 'that', 'what', 'we', 'all', 'want']","['arsenal', 'boss', 'mikel', 'arteta', 'embodiment', 'football', 'wants', 'var', 'work', 'ways', 'sundays', 'decision', 'right', 'isnt', 'want']",15,53
general,Mexico unveil a rarity at 2026 World Cup: A third ...,Mexico have added a third kit to their impressively stylish World Cup wardrobe.,https://www.espn.com/soccer/story/_/id/48748977/mexico-unveil-third-alternate-kit-rarity-2026-fifa-world-cup,"Tue, 12 May 2026 07:56:24 EST",mexico have added a third kit to their impressively stylish world cup wardrobe,"['mexico', 'have', 'added', 'a', 'third', 'kit', 'to', 'their', 'impressively', 'stylish', 'world', 'cup', 'wardrobe']","['mexico', 'added', 'third', 'kit', 'impressively', 'stylish', 'world', 'cup', 'wardrobe']",9,53
general,Boxing divisional rankings: Dubois stays put at he...,Daniel Dubois keeps position at heavyweight; David Morrell no longer ranked at 175 pounds. Here are the latest ESPN divisional rankings.,https://www.espn.com/boxing/story/_/id/21675272/divisional-rankings-best-top-10-fighters-per-division,"Tue, 12 May 2026 07:59:19 EST",daniel dubois keeps position at heavyweight david morrell no longer ranked at  pounds here are the latest espn divisional rankings,"['daniel', 'dubois', 'keeps', 'position', 'at', 'heavyweight', 'david', 'morrell', 'no', 'longer', 'ranked', 'at', 'pounds', 'here', 'are', 'the', 'latest', 'espn', 'divisional', 'rankings']","['daniel', 'dubois', 'keeps', 'position', 'heavyweight', 'david', 'morrell', 'longer', 'ranked', 'pounds', 'latest', 'espn', 'divisional', 'rankings']",14,53
general,Free agent pickups: Waldschmidt and Snelling get t...,The top players you should consider claiming off the fantasy baseball waiver wire this week.,https://www.espn.com/fantasy/baseball/story/_/id/48740286/fantasy-baseball-free-agent-pickups-waiver-wire-may11-2026,"Mon, 11 May 2026 11:28:13 EST",the top players you should consider claiming off the fantasy baseball waiver wire this week,"['the', 'top', 'players', 'you', 'should', 'consider', 'claiming', 'off', 'the', 'fantasy', 'baseball', 'waiver', 'wire', 'this', 'week']","['top', 'players', 'consider', 'claiming', 'fantasy', 'baseball', 'waiver', 'wire', 'week']",9,53
general,Lineup advice: Four players to add after opening w...,"Andre Snellings recaps a busy opening weekend with surprises, standouts and four players to add to your lineup this week.",https://www.espn.com/fantasy/womens-basketball/story/_/id/48713412/espn-wnba-fantasy-womens-basketball-lineups-adds-drops-news-players,"Mon, 11 May 2026 15:38:54 EST",andre snellings recaps a busy opening weekend with surprises standouts and four players to add to your lineup this week,"['andre', 'snellings', 'recaps', 'a', 'busy', 'opening', 'weekend', 'with', 'surprises', 'standouts', 'and', 'four', 'players', 'to', 'add', 'to', 'your', 'lineup', 'this', 'week']","['andre', 'snellings', 'recaps', 'busy', 'opening', 'weekend', 'surprises', 'standouts', 'four', 'players', 'add', 'lineup', 'week']",13,53
general,"Transfer rumors, news: Liverpool look to Martinez ...",Liverpool's move to sign Aston Villa goalkeeper Emiliano Martinez is gaining momentum. Transfer Talk has the latest.,https://www.espn.com/soccer/story/_/id/48747741/transfer-rumors-news-liverpool-look-martinez-alisson-replacement,"Tue, 12 May 2026 05:51:44 EST",liverpools move to sign aston villa goalkeeper emiliano martinez is gaining momentum transfer talk has the latest,"['liverpools', 'move', 'to', 'sign', 'aston', 'villa', 'goalkeeper', 'emiliano', 'martinez', 'is', 'gaining', 'momentum', 'transfer', 'talk', 'has', 'the', 'latest']","['liverpools', 'move', 'sign', 'aston', 'villa', 'goalkeeper', 'emiliano', 'martinez', 'gaining', 'momentum', 'transfer', 'talk', 'latest']",13,53
nba,Takeaways from Thunder-Lakers Game 4,Here's what we've learned -- and what's next for the Cavs-Pistons and the Wolves-Spurs series.,https://www.espn.com/nba/story/_/id/48676289/2026-nba-playoffs-conference-semifinals-round-2-takeaways,"Tue, 12 May 2026 02:05:06 EST",heres what weve learned  and whats next for the cavspistons and the wolvesspurs series,"['heres', 'what', 'weve', 'learned', 'and', 'whats', 'next', 'for', 'the', 'cavspistons', 'and', 'the', 'wolvesspurs', 'series']","['heres', 'weve', 'learned', 'whats', 'next', 'cavspistons', 'wolvesspurs', 'series']",8,36
nba,LeBron: 'I don't know what the future holds',"LeBron James, whose record-setting 23rd season ended with an unceremonious 115-110 loss to the Thunder in Game 4 of a second-round sweep of the Lakers, was noncommittal about whether he will continue playing in L.A. -- or elsewhere.",https://www.espn.com/nba/story/_/id/48747842/lakers-lebron-james-know-future-holds-me,"Tue, 12 May 2026 07:00:09 EST",lebron james whose recordsetting rd season ended with an unceremonious  loss to the thunder in game  of a secondround sweep of the lakers was noncommittal about whether he will continue playing in la  or elsewhere,"['lebron', 'james', 'whose', 'recordsetting', 'rd', 'season', 'ended', 'with', 'an', 'unceremonious', 'loss', 'to', 'the', 'thunder', 'in', 'game', 'of', 'a', 'secondround', 'sweep', 'of', 'the', 'lakers', 'was', 'noncommittal', 'about', 'whether', 'he', 'will', 'continue', 'playing', 'in', 'la', 'or', 'elsewhere']","['lebron', 'james', 'whose', 'recordsetting', 'season', 'ended', 'unceremonious', 'loss', 'thunder', 'game', 'secondround', 'sweep', 'lakers', 'noncommittal', 'whether', 'continue', 'playing', 'elsewhere']",18,44
nba,OKC escapes late L.A. charge to complete sweep,"The Lakers refused to fold while facing elimination, but the Thunder ultimately pulled away to improve to 8-0 this postseason.",https://www.espn.com/nba/story/_/id/48747206/thunder-escape-late-lakers-charge-complete-sweep,"Tue, 12 May 2026 04:21:10 EST",the lakers refused to fold while facing elimination but the thunder ultimately pulled away to improve to  this postseason,"['the', 'lakers', 'refused', 'to', 'fold', 'while', 'facing', 'elimination', 'but', 'the', 'thunder', 'ultimately', 'pulled', 'away', 'to', 'improve', 'to', 'this', 'postseason']","['lakers', 'refused', 'fold', 'facing', 'elimination', 'thunder', 'ultimately', 'pulled', 'away', 'improve', 'postseason']",11,46
nba,Mitchell's record-tying 2nd half evens East semis,"Donovan Mitchell tied an NBA playoff record with 39 points in the second half, and the Cavaliers evened their second-round series against the Pistons with a 112-103 victory Monday night.",https://www.espn.com/nba/story/_/id/48746487/donovan-mitchell-ties-nba-playoff-record-39-points-second-half-cavaliers-even-series-vs-pistons,"Tue, 12 May 2026 04:21:10 EST",donovan mitchell tied an nba playoff record with  points in the second half and the cavaliers evened their secondround series against the pistons with a  victory monday night,"['donovan', 'mitchell', 'tied', 'an', 'nba', 'playoff', 'record', 'with', 'points', 'in', 'the', 'second', 'half', 'and', 'the', 'cavaliers', 'evened', 'their', 'secondround', 'series', 'against', 'the', 'pistons', 'with', 'a', 'victory', 'monday', 'night']","['donovan', 'mitchell', 'tied', 'nba', 'playoff', 'record', 'points', 'second', 'half', 'cavaliers', 'evened', 'secondround', 'series', 'pistons', 'victory', 'monday', 'night']",17,49
nba,Bickerstaff calls FT disparity in loss 'unacceptab...,"Pistons coach J.B. Bickerstaff called the gulf in attempted free throws between his team and the Cavaliers in Monday's Game 4 loss ""unacceptable.""",https://www.espn.com/nba/story/_/id/48747058/bickerstaff-calls-ft-disparity-game-4-loss-unacceptable,"Tue, 12 May 2026 04:21:10 EST",pistons coach jb bickerstaff called the gulf in attempted free throws between his team and the cavaliers in mondays game  loss unacceptable,"['pistons', 'coach', 'jb', 'bickerstaff', 'called', 'the', 'gulf', 'in', 'attempted', 'free', 'throws', 'between', 'his', 'team', 'and', 'the', 'cavaliers', 'in', 'mondays', 'game', 'loss', 'unacceptable']","['pistons', 'coach', 'bickerstaff', 'called', 'gulf', 'attempted', 'free', 'throws', 'team', 'cavaliers', 'mondays', 'game', 'loss', 'unacceptable']",14,53
nba,No discipline for Wemby elbow; he'll play Game 5,"Spurs star Victor Wembanyama will not face any further discipline for elbowing Minnesota's Naz Reid and will play in Game 5 against the Timberwolves in San Antonio, sources told ESPN.",https://www.espn.com/nba/story/_/id/48742211/no-discipline-wembanyama-reid-elbow-play-game-5,"Tue, 12 May 2026 04:21:10 EST",spurs star victor wembanyama will not face any further discipline for elbowing minnesotas naz reid and will play in game  against the timberwolves in san antonio sources told espn,"['spurs', 'star', 'victor', 'wembanyama', 'will', 'not', 'face', 'any', 'further', 'discipline', 'for', 'elbowing', 'minnesotas', 'naz', 'reid', 'and', 'will', 'play', 'in', 'game', 'against', 'the', 'timberwolves', 'in', 'san', 'antonio', 'sources', 'told', 'espn']","['spurs', 'star', 'victor', 'wembanyama', 'face', 'discipline', 'elbowing', 'minnesotas', 'naz', 'reid', 'play', 'game', 'timberwolves', 'san', 'antonio', 'sources', 'told', 'espn']",18,48
nba,Sources: Bucks seeking trade offers for Giannis,"The Bucks are open for business on trade calls and offers for Giannis Antetokounmpo, sources told ESPN.",https://www.espn.com/nba/story/_/id/48741814/sources-bucks-seeking-trade-offers-giannis-antetokounmpo,"Tue, 12 May 2026 04:21:10 EST",the bucks are open for business on trade calls and offers for giannis antetokounmpo sources told espn,"['the', 'bucks', 'are', 'open', 'for', 'business', 'on', 'trade', 'calls', 'and', 'offers', 'for', 'giannis', 'antetokounmpo', 'sources', 'told', 'espn']","['bucks', 'open', 'business', 'trade', 'calls', 'offers', 'giannis', 'antetokounmpo', 'sources', 'told', 'espn']",11,47
nba,Spurs' Fox (ankle) questionable for Game 5,The Spurs listed guard De'Aaron Fox as questionable for Tuesday's Game 5 of the Western Conference semifinals at Frost Bank Center because of right ankle soreness.,https://www.espn.com/nba/story/_/id/48746586/spurs-deaaron-fox-dealing-right-ankle-soreness,"Tue, 12 May 2026 04:21:10 EST",the spurs listed guard deaaron fox as questionable for tuesdays game  of the western conference semifinals at frost bank center because of right ankle soreness,"['the', 'spurs', 'listed', 'guard', 'deaaron', 'fox', 'as', 'questionable', 'for', 'tuesdays', 'game', 'of', 'the', 'western', 'conference', 'semifinals', 'at', 'frost', 'bank', 'center', 'because', 'of', 'right', 'ankle', 'soreness']","['spurs', 'listed', 'guard', 'deaaron', 'fox', 'questionable', 'tuesdays', 'game', 'western', 'conference', 'semifinals', 'frost', 'bank', 'center', 'right', 'ankle', 'soreness']",17,42
nba,"🍼 LaOne: LaMelo, partner welcome first child","The couple also revealed they will be launching I Am Fertility, a nonprofit ""dedicated to supporting women navigating fertility and IVF journeys.""",https://www.espn.com/nba/story/_/id/48734873/lamelo-ball-birth-first-child-laone,"Tue, 12 May 2026 04:21:10 EST",the couple also revealed they will be launching i am fertility a nonprofit dedicated to supporting women navigating fertility and ivf journeys,"['the', 'couple', 'also', 'revealed', 'they', 'will', 'be', 'launching', 'i', 'am', 'fertility', 'a', 'nonprofit', 'dedicated', 'to', 'supporting', 'women', 'navigating', 'fertility', 'and', 'ivf', 'journeys']","['couple', 'also', 'revealed', 'launching', 'fertility', 'nonprofit', 'dedicated', 'supporting', 'women', 'navigating', 'fertility', 'ivf', 'journeys']",13,44
nba,"Copy of Lucky socks, a fishhook and pickup hoops: How the ...",ESPN was granted behind-the-scenes access to Washington on the day the franchise secured the No. 1 pick of the 2026 NBA draft.,https://www.espn.com/nba/story/_/id/48742366/washington-wizards-nba-lottery-draft-2026-first-overall-pick-aj-dybantsa,"Tue, 12 May 2026 08:05:45 EST",espn was granted behindthescenes access to washington on the day the franchise secured the no  pick of the  nba draft,"['espn', 'was', 'granted', 'behindthescenes', 'access', 'to', 'washington', 'on', 'the', 'day', 'the', 'franchise', 'secured', 'the', 'no', 'pick', 'of', 'the', 'nba', 'draft']","['espn', 'granted', 'behindthescenes', 'access', 'washington', 'day', 'franchise', 'secured', 'pick', 'nba', 'draft']",11,61
nba,Copy of Windhorst: Everything I saw inside the NBA's myste...,Here's everything that transpired as the ping-pong balls were selected.,https://www.espn.com/nba/story/_/id/48737761/inside-secret-nba-lottery-room-ahead-2026-draft-picks-rounds-jokes-silence-ping-pong-balls,"Tue, 12 May 2026 08:05:45 EST",heres everything that transpired as the pingpong balls were selected,"['heres', 'everything', 'that', 'transpired', 'as', 'the', 'pingpong', 'balls', 'were', 'selected']","['heres', 'everything', 'transpired', 'pingpong', 'balls', 'selected']",6,61
nba,"The French Connection: Gobert, Wemby put their fri...",The French big men have been friends for a decade and now face off against each other in a 2-2 series.,https://www.espn.com/nba/story/_/id/48742665/rivalry-friendship-rudy-gobert-victor-wembanyama-spurs-timberwolves-playoffs,"Tue, 12 May 2026 07:48:28 EST",the french big men have been friends for a decade and now face off against each other in a  series,"['the', 'french', 'big', 'men', 'have', 'been', 'friends', 'for', 'a', 'decade', 'and', 'now', 'face', 'off', 'against', 'each', 'other', 'in', 'a', 'series']","['french', 'big', 'men', 'friends', 'decade', 'face', 'series']",7,53
nba,The Wizards have the No. 1 pick! Updated mock draf...,"The Wizards, Jazz and Grizzlies have the top picks in the 2026 NBA draft. Here's Jeremy Woo's updated mock.",https://www.espn.com/nba/story/_/id/48713262/2026-nba-mock-draft-pick-projections-picks-post-lottery-dybantsa-peterson,"Tue, 12 May 2026 08:05:15 EST",the wizards jazz and grizzlies have the top picks in the  nba draft heres jeremy woos updated mock,"['the', 'wizards', 'jazz', 'and', 'grizzlies', 'have', 'the', 'top', 'picks', 'in', 'the', 'nba', 'draft', 'heres', 'jeremy', 'woos', 'updated', 'mock']","['wizards', 'jazz', 'grizzlies', 'top', 'picks', 'nba', 'draft', 'heres', 'jeremy', 'woos', 'updated', 'mock']",12,53
nba,Copy of NBA combine primer: What to watch for and who coul...,"The NBA draft combine is here, with dozens of prospects competing to raise their stock. Here's what to know.",https://www.espn.com/nba/story/_/id/48694379/2026-nba-draft-combine-preview-players-workouts-watch-chicago-dybantsa-peterson-boozer-wilson,"Tue, 12 May 2026 08:05:15 EST",the nba draft combine is here with dozens of prospects competing to raise their stock heres what to know,"['the', 'nba', 'draft', 'combine', 'is', 'here', 'with', 'dozens', 'of', 'prospects', 'competing', 'to', 'raise', 'their', 'stock', 'heres', 'what', 'to', 'know']","['nba', 'draft', 'combine', 'dozens', 'prospects', 'competing', 'raise', 'stock', 'heres', 'know']",10,61
nba,Latest NBA buzz: Everything we're hearing ahead of...,"Here's the latest news and reactions from our insiders, including Giannis' status with the Bucks.",https://www.espn.com/nba/story/_/id/48377855/2026-nba-buzz-latest-live-updates-news-intel-nba-draft-offseason,"Tue, 12 May 2026 02:02:18 EST",heres the latest news and reactions from our insiders including giannis status with the bucks,"['heres', 'the', 'latest', 'news', 'and', 'reactions', 'from', 'our', 'insiders', 'including', 'giannis', 'status', 'with', 'the', 'bucks']","['heres', 'latest', 'news', 'reactions', 'insiders', 'including', 'giannis', 'status', 'bucks']",9,53
nba,"Offseason guides: Draft, free agency, trade target...","What lies ahead for the Magic, Celtics, Nuggets, Warriors and every eliminated team?",https://www.espn.com/nba/story/_/id/48432907/nba-offseason-2026-draft-free-agency-trade-targets-30-teams,"Tue, 12 May 2026 02:10:47 EST",what lies ahead for the magic celtics nuggets warriors and every eliminated team,"['what', 'lies', 'ahead', 'for', 'the', 'magic', 'celtics', 'nuggets', 'warriors', 'and', 'every', 'eliminated', 'team']","['lies', 'ahead', 'magic', 'celtics', 'nuggets', 'warriors', 'every', 'eliminated', 'team']",9,53
nba,Why a familiar summer awaits Joel Embiid and the 7...,"After a historic comeback gave way to a second-round sweep, the 76ers face another offseason of health and roster questions.",https://www.espn.com/nba/story/_/id/48622748/nba-playoffs-2026-embiid-76ers-face-familiar-offseason-knicks-sweep,"Mon, 11 May 2026 11:17:40 EST",after a historic comeback gave way to a secondround sweep the ers face another offseason of health and roster questions,"['after', 'a', 'historic', 'comeback', 'gave', 'way', 'to', 'a', 'secondround', 'sweep', 'the', 'ers', 'face', 'another', 'offseason', 'of', 'health', 'and', 'roster', 'questions']","['historic', 'comeback', 'gave', 'way', 'secondround', 'sweep', 'ers', 'face', 'another', 'offseason', 'health', 'roster', 'questions']",13,53
nba,"Steve Kerr is back: Why he signed a new deal, and ...",Why did Kerr decide to return? How will this impact the Warriors' offseason? Here's everything you need to know about Kerr's new deal with Golden State.,https://www.espn.com/nba/story/_/id/48565081/steve-kerr-returning-golden-state-warriors-coach-answering-questions-next-offseason-moves,"Mon, 11 May 2026 16:03:33 EST",why did kerr decide to return how will this impact the warriors offseason heres everything you need to know about kerrs new deal with golden state,"['why', 'did', 'kerr', 'decide', 'to', 'return', 'how', 'will', 'this', 'impact', 'the', 'warriors', 'offseason', 'heres', 'everything', 'you', 'need', 'to', 'know', 'about', 'kerrs', 'new', 'deal', 'with', 'golden', 'state']","['kerr', 'decide', 'return', 'impact', 'warriors', 'offseason', 'heres', 'everything', 'need', 'know', 'kerrs', 'new', 'deal', 'golden', 'state']",15,53
nfl,"Wait, why didn't my NFL team ____? Reasonable answ...","Let's make sense of the Cowboys not extending George Pickens, the Steelers bypassing QB upgrades, the Dolphins not trading De'Von Achane and more.",https://www.espn.com/nfl/story/_/id/48742512/2026-nfl-offseason-10-teams-questions-explaining-missed-moves,"Tue, 12 May 2026 07:27:23 EST",lets make sense of the cowboys not extending george pickens the steelers bypassing qb upgrades the dolphins not trading devon achane and more,"['lets', 'make', 'sense', 'of', 'the', 'cowboys', 'not', 'extending', 'george', 'pickens', 'the', 'steelers', 'bypassing', 'qb', 'upgrades', 'the', 'dolphins', 'not', 'trading', 'devon', 'achane', 'and', 'more']","['lets', 'make', 'sense', 'cowboys', 'extending', 'george', 'pickens', 'steelers', 'bypassing', 'upgrades', 'dolphins', 'trading', 'devon', 'achane']",14,53
nfl,Bills to open new stadium in Week 2 vs. Lions,"The Bills will play their first regular-season game at their new home, the newly constructed Highmark Stadium, in Week 2 against the Lions, it was announced Monday.",https://www.espn.com/nfl/story/_/id/48744949/bills-play-first-regular-season-game-new-stadium-week-2,"Tue, 12 May 2026 07:27:27 EST",the bills will play their first regularseason game at their new home the newly constructed highmark stadium in week  against the lions it was announced monday,"['the', 'bills', 'will', 'play', 'their', 'first', 'regularseason', 'game', 'at', 'their', 'new', 'home', 'the', 'newly', 'constructed', 'highmark', 'stadium', 'in', 'week', 'against', 'the', 'lions', 'it', 'was', 'announced', 'monday']","['bills', 'play', 'first', 'regularseason', 'game', 'new', 'home', 'newly', 'constructed', 'highmark', 'stadium', 'week', 'lions', 'announced', 'monday']",15,45
nfl,Harbaugh-led Giants to host Cowboys in Week 1,"The Giants will host the Cowboys on Sept. 13 in the first ""Sunday Night Football"" game of the 2026 season.",https://www.espn.com/nfl/story/_/id/48740437/john-harbaugh-giants-host-cowboys-week-1-sunday-night-football,"Tue, 12 May 2026 07:27:27 EST",the giants will host the cowboys on sept  in the first sunday night football game of the  season,"['the', 'giants', 'will', 'host', 'the', 'cowboys', 'on', 'sept', 'in', 'the', 'first', 'sunday', 'night', 'football', 'game', 'of', 'the', 'season']","['giants', 'host', 'cowboys', 'sept', 'first', 'sunday', 'night', 'football', 'game', 'season']",10,45
nfl,"Sources: Chargers, TE Njoku agree to 1-yr. deal","After nine years with the Browns, David Njoku has agreed to terms with the Chargers on a one-year deal worth up to $8 million, sources told NFL Network's Ian Rapoport.",https://www.espn.com/nfl/story/_/id/48739754/sources-chargers-te-david-njoku-agree-one-year-deal,"Tue, 12 May 2026 07:27:27 EST",after nine years with the browns david njoku has agreed to terms with the chargers on a oneyear deal worth up to  million sources told nfl networks ian rapoport,"['after', 'nine', 'years', 'with', 'the', 'browns', 'david', 'njoku', 'has', 'agreed', 'to', 'terms', 'with', 'the', 'chargers', 'on', 'a', 'oneyear', 'deal', 'worth', 'up', 'to', 'million', 'sources', 'told', 'nfl', 'networks', 'ian', 'rapoport']","['nine', 'years', 'browns', 'david', 'njoku', 'agreed', 'terms', 'chargers', 'oneyear', 'deal', 'worth', 'million', 'sources', 'told', 'nfl', 'networks', 'ian', 'rapoport']",18,47
nfl,Vikes surprise Peterson with Ring of Honor news,"Adrian Peterson will enter the Minnesota Vikings' ring of honor this fall, the team announced Monday.",https://www.espn.com/nfl/story/_/id/48741817/vikings-induct-ex-rb-adrian-peterson-ring-honor,"Tue, 12 May 2026 07:27:27 EST",adrian peterson will enter the minnesota vikings ring of honor this fall the team announced monday,"['adrian', 'peterson', 'will', 'enter', 'the', 'minnesota', 'vikings', 'ring', 'of', 'honor', 'this', 'fall', 'the', 'team', 'announced', 'monday']","['adrian', 'peterson', 'enter', 'minnesota', 'vikings', 'ring', 'honor', 'fall', 'team', 'announced', 'monday']",11,47
nfl,"Morton, SB starter for Cowboys and Broncos, dies","Craig Morton, who spent 18 years in the NFL and became the first quarterback to start the Super Bowl for two franchises -- the Dallas Cowboys and Denver Broncos -- died over the weekend at 83.",https://www.espn.com/nfl/story/_/id/48746277/craig-morton-super-bowl-starter-cowboys-broncos-dies,"Tue, 12 May 2026 07:27:27 EST",craig morton who spent  years in the nfl and became the first quarterback to start the super bowl for two franchises  the dallas cowboys and denver broncos  died over the weekend at ,"['craig', 'morton', 'who', 'spent', 'years', 'in', 'the', 'nfl', 'and', 'became', 'the', 'first', 'quarterback', 'to', 'start', 'the', 'super', 'bowl', 'for', 'two', 'franchises', 'the', 'dallas', 'cowboys', 'and', 'denver', 'broncos', 'died', 'over', 'the', 'weekend', 'at']","['craig', 'morton', 'spent', 'years', 'nfl', 'became', 'first', 'quarterback', 'start', 'super', 'bowl', 'two', 'franchises', 'dallas', 'cowboys', 'denver', 'broncos', 'died', 'weekend']",19,48
nfl,"Steelers reward Boswell with 4-year, $28M deal","The Steelers have agreed to terms with kicker Chris Boswell on a four-year, $28 million extension, his agency, CAA Football, told ESPN's Adam Schefter.",https://www.espn.com/nfl/story/_/id/48742244/steelers-boswell-now-tied-aubrey-nfl-top-paid-kicker,"Tue, 12 May 2026 07:27:27 EST",the steelers have agreed to terms with kicker chris boswell on a fouryear  million extension his agency caa football told espns adam schefter,"['the', 'steelers', 'have', 'agreed', 'to', 'terms', 'with', 'kicker', 'chris', 'boswell', 'on', 'a', 'fouryear', 'million', 'extension', 'his', 'agency', 'caa', 'football', 'told', 'espns', 'adam', 'schefter']","['steelers', 'agreed', 'terms', 'kicker', 'chris', 'boswell', 'fouryear', 'million', 'extension', 'agency', 'caa', 'football', 'told', 'espns', 'adam', 'schefter']",16,46
nfl,Bills boost pass-rush depth with ex-Chief Danna,"The Bills added a familiar former opponent to the roster, signing outside linebacker Mike Danna to a one-year deal Monday.",https://www.espn.com/nfl/story/_/id/48741642/bills-sign-ex-chiefs-pass-rusher-mike-danna-1-year-deal,"Tue, 12 May 2026 07:27:27 EST",the bills added a familiar former opponent to the roster signing outside linebacker mike danna to a oneyear deal monday,"['the', 'bills', 'added', 'a', 'familiar', 'former', 'opponent', 'to', 'the', 'roster', 'signing', 'outside', 'linebacker', 'mike', 'danna', 'to', 'a', 'oneyear', 'deal', 'monday']","['bills', 'added', 'familiar', 'former', 'opponent', 'roster', 'signing', 'outside', 'linebacker', 'mike', 'danna', 'oneyear', 'deal', 'monday']",14,47
nfl,SB LIX dancer found guilty of resisting officer,"Zul-Qarnain Kwame Nantambu was found guilty of resisting an officer charge, a misdemeanor, after disrupting Kendrick Lamar's Super Bowl halftime performance with a flag that read ""Sudan and Free Gaza.""",https://www.espn.com/nfl/story/_/id/48745453/super-bowl-lix-performer-found-guilty-resisting-officer,"Tue, 12 May 2026 07:27:27 EST",zulqarnain kwame nantambu was found guilty of resisting an officer charge a misdemeanor after disrupting kendrick lamars super bowl halftime performance with a flag that read sudan and free gaza,"['zulqarnain', 'kwame', 'nantambu', 'was', 'found', 'guilty', 'of', 'resisting', 'an', 'officer', 'charge', 'a', 'misdemeanor', 'after', 'disrupting', 'kendrick', 'lamars', 'super', 'bowl', 'halftime', 'performance', 'with', 'a', 'flag', 'that', 'read', 'sudan', 'and', 'free', 'gaza']","['zulqarnain', 'kwame', 'nantambu', 'found', 'guilty', 'resisting', 'officer', 'charge', 'misdemeanor', 'disrupting', 'kendrick', 'lamars', 'super', 'bowl', 'halftime', 'performance', 'flag', 'read', 'sudan', 'free', 'gaza']",21,47
nfl,💍 Michael Penix Jr. marries fiancée Olivia Carter...,"The Atlanta Falcons quarterback seemed to be recovering well from his ACL surgery, showing off his moves on the dance floor.",https://www.espn.com/nfl/story/_/id/48713394/michael-penix-jr-olivia-carter-wedding-atlanta-falcons,"Tue, 12 May 2026 07:27:27 EST",the atlanta falcons quarterback seemed to be recovering well from his acl surgery showing off his moves on the dance floor,"['the', 'atlanta', 'falcons', 'quarterback', 'seemed', 'to', 'be', 'recovering', 'well', 'from', 'his', 'acl', 'surgery', 'showing', 'off', 'his', 'moves', 'on', 'the', 'dance', 'floor']","['atlanta', 'falcons', 'quarterback', 'seemed', 'recovering', 'well', 'acl', 'surgery', 'showing', 'moves', 'dance', 'floor']",12,52
nfl,Three questions facing Lamar Jackson and the Raven...,"Heading into next week's organized team activities, the Ravens have some major questions to address.",https://www.espn.com/nfl/story/_/id/48741815/questions-facing-lamar-jackson-baltimore-ravens-ravens-center-tyler-linderbaum-nnamdi-madubuike,"Tue, 12 May 2026 07:27:34 EST",heading into next weeks organized team activities the ravens have some major questions to address,"['heading', 'into', 'next', 'weeks', 'organized', 'team', 'activities', 'the', 'ravens', 'have', 'some', 'major', 'questions', 'to', 'address']","['heading', 'next', 'weeks', 'organized', 'team', 'activities', 'ravens', 'major', 'questions', 'address']",10,53
nfl,The non-Round 1 impact rookies: Yates lists 20 sle...,"We picked out Day 2 and Day 3 NFL draft picks who could contribute right away, including R Mason Thomas and Antonio Williams.",https://www.espn.com/nfl/draft2026/story/_/id/48702987/2026-nfl-draft-rookie-year-impact-middle-late-rounders,"Mon, 11 May 2026 21:56:54 EST",we picked out day  and day  nfl draft picks who could contribute right away including r mason thomas and antonio williams,"['we', 'picked', 'out', 'day', 'and', 'day', 'nfl', 'draft', 'picks', 'who', 'could', 'contribute', 'right', 'away', 'including', 'r', 'mason', 'thomas', 'and', 'antonio', 'williams']","['picked', 'day', 'day', 'nfl', 'draft', 'picks', 'could', 'contribute', 'right', 'away', 'including', 'mason', 'thomas', 'antonio', 'williams']",15,53
nfl,"Early NFL awards favorites, long shots: Which rook...","There's still a long way to go until the 2026 season kicks off, but it's never too early to see who's a front-runner.",https://www.espn.com/espn/betting/story/_/id/48687620/nfl-awards-offensive-rookie-year-coach-year-2026,"Mon, 11 May 2026 21:56:54 EST",theres still a long way to go until the  season kicks off but its never too early to see whos a frontrunner,"['theres', 'still', 'a', 'long', 'way', 'to', 'go', 'until', 'the', 'season', 'kicks', 'off', 'but', 'its', 'never', 'too', 'early', 'to', 'see', 'whos', 'a', 'frontrunner']","['theres', 'still', 'long', 'way', 'season', 'kicks', 'never', 'early', 'see', 'whos', 'frontrunner']",11,53
nfl,2026 NFL schedule: Everything we're hearing ahead ...,The Seahawks will open a season that features nine international games. Come back for bold predictions and more.,https://www.espn.com/nfl/story/_/page/nflschedulerelease-48704131/2026-nfl-schedule-release-bold-predictions-takeaways-revenge-games-all-32-teams,"Mon, 11 May 2026 16:12:21 EST",the seahawks will open a season that features nine international games come back for bold predictions and more,"['the', 'seahawks', 'will', 'open', 'a', 'season', 'that', 'features', 'nine', 'international', 'games', 'come', 'back', 'for', 'bold', 'predictions', 'and', 'more']","['seahawks', 'open', 'season', 'features', 'nine', 'international', 'games', 'come', 'back', 'bold', 'predictions']",11,53
nfl,The biggest remaining roster hole for every NFL te...,"Even after free agency, trades and the draft, NFL teams still have at least one position that needs a boost. Here's one for every roster.",https://www.espn.com/nfl/story/_/id/48649984/2026-nfl-offseason-biggest-roster-holes-depth-needs-all-32-teams-postdraft,"Mon, 11 May 2026 15:35:52 EST",even after free agency trades and the draft nfl teams still have at least one position that needs a boost heres one for every roster,"['even', 'after', 'free', 'agency', 'trades', 'and', 'the', 'draft', 'nfl', 'teams', 'still', 'have', 'at', 'least', 'one', 'position', 'that', 'needs', 'a', 'boost', 'heres', 'one', 'for', 'every', 'roster']","['even', 'free', 'agency', 'trades', 'draft', 'nfl', 'teams', 'still', 'least', 'one', 'position', 'needs', 'boost', 'heres', 'one', 'every', 'roster']",17,53
nfl,Who is on the hot seat after the NFL draft? 14 vet...,Will Carrington Valentine get jumped by Brandon Cisse on the Green Bay depth chart?,https://www.espn.com/nfl/story/_/id/48675818/2026-nfl-offseason-draft-veteran-hot-seats-position-battles-rookies,"Mon, 11 May 2026 15:35:52 EST",will carrington valentine get jumped by brandon cisse on the green bay depth chart,"['will', 'carrington', 'valentine', 'get', 'jumped', 'by', 'brandon', 'cisse', 'on', 'the', 'green', 'bay', 'depth', 'chart']","['carrington', 'valentine', 'get', 'jumped', 'brandon', 'cisse', 'green', 'bay', 'depth', 'chart']",10,53
nfl,Fantasy buzz: Which players benefit most from Njok...,"Discussing the impact on Oronde Gadsden, Kyler Murray, Justin Jefferson, Jordan Addison and others this season.",https://www.espn.com/fantasy/football/story/_/id/40699880/fantasy-football-injuries-position-battles-nfl-news-analysis,"Mon, 11 May 2026 11:12:51 EST",discussing the impact on oronde gadsden kyler murray justin jefferson jordan addison and others this season,"['discussing', 'the', 'impact', 'on', 'oronde', 'gadsden', 'kyler', 'murray', 'justin', 'jefferson', 'jordan', 'addison', 'and', 'others', 'this', 'season']","['discussing', 'impact', 'oronde', 'gadsden', 'kyler', 'murray', 'justin', 'jefferson', 'jordan', 'addison', 'others', 'season']",12,53
nfl,Field Yates' rankings: PPR top 160,"Field provides his latest rankings for the upcoming season, which will be updated throughout the offseason.",https://www.espn.com/fantasy/football/story/_/id/48711830/2026-fantasy-football-rankings-ppr-field-yates,"Mon, 11 May 2026 11:12:51 EST",field provides his latest rankings for the upcoming season which will be updated throughout the offseason,"['field', 'provides', 'his', 'latest', 'rankings', 'for', 'the', 'upcoming', 'season', 'which', 'will', 'be', 'updated', 'throughout', 'the', 'offseason']","['field', 'provides', 'latest', 'rankings', 'upcoming', 'season', 'updated', 'throughout', 'offseason']",9,34
nfl,"Baby No. 2 on the way for Christian McCaffrey, Oli...",The San Francisco 49ers star and former Miss Universe announced that they are expecting their second child.,https://www.espn.com/nfl/story/_/id/48717338/christian-mccaffrey-olivia-culpo-second-baby-announcement,"Fri, 8 May 2026 23:34:31 EST",the san francisco ers star and former miss universe announced that they are expecting their second child,"['the', 'san', 'francisco', 'ers', 'star', 'and', 'former', 'miss', 'universe', 'announced', 'that', 'they', 'are', 'expecting', 'their', 'second', 'child']","['san', 'francisco', 'ers', 'star', 'former', 'miss', 'universe', 'announced', 'expecting', 'second', 'child']",11,53
nfl,Justin Herbert stars in girlfriend Madison Beer's ...,The Grammy-nominated artist and the Chargers quarterback share the screen together in the video.,https://www.espn.com/nfl/story/_/id/48696952/justin-berbert-los-angeles-chargers-madison-beer-music-video-teaser,"Fri, 8 May 2026 23:34:31 EST",the grammynominated artist and the chargers quarterback share the screen together in the video,"['the', 'grammynominated', 'artist', 'and', 'the', 'chargers', 'quarterback', 'share', 'the', 'screen', 'together', 'in', 'the', 'video']","['grammynominated', 'artist', 'chargers', 'quarterback', 'share', 'screen', 'together', 'video']",8,53
nfl,"Super Bowl 2027 on ESPN: Date, location, venue, more details",The 2027 Super Bowl will air on ESPN for the first time in network history. Learn more information about Super Bowl LXI festivities now.,https://www.espn.com/nfl/story/_/id/47819308/super-bowl-2027-espn-how-watch-schedule-facts-stats,"Thu, 19 Feb 2026 08:05:38 EST",the  super bowl will air on espn for the first time in network history learn more information about super bowl lxi festivities now,"['the', 'super', 'bowl', 'will', 'air', 'on', 'espn', 'for', 'the', 'first', 'time', 'in', 'network', 'history', 'learn', 'more', 'information', 'about', 'super', 'bowl', 'lxi', 'festivities', 'now']","['super', 'bowl', 'air', 'espn', 'first', 'time', 'network', 'history', 'learn', 'information', 'super', 'bowl', 'lxi', 'festivities']",14,60
mlb,Why so many good teams have closer issues -- and h...,"Bullpens are more volatile than ever, and closers with a capital C are few and far between, even for baseball's elite.",https://www.espn.com/mlb/story/_/id/48742800/mlb-2026-closer-bullpen-struggles-impact-rest-season-deadline,"Tue, 12 May 2026 07:33:51 EST",bullpens are more volatile than ever and closers with a capital c are few and far between even for baseballs elite,"['bullpens', 'are', 'more', 'volatile', 'than', 'ever', 'and', 'closers', 'with', 'a', 'capital', 'c', 'are', 'few', 'and', 'far', 'between', 'even', 'for', 'baseballs', 'elite']","['bullpens', 'volatile', 'ever', 'closers', 'capital', 'far', 'even', 'baseballs', 'elite']",9,53
mlb,The American League standings are ... weird. Here'...,We break down the wild state of the Junior Circuit.,https://www.espn.com/mlb/story/_/id/48712239/mlb-2026-american-league-al-standings-history-weird-yankees-rays,"Tue, 12 May 2026 07:33:51 EST",we break down the wild state of the junior circuit,"['we', 'break', 'down', 'the', 'wild', 'state', 'of', 'the', 'junior', 'circuit']","['break', 'wild', 'state', 'junior', 'circuit']",5,53
mlb,Sources: Struggling Mets call up prospect Ewing,"The Mets are calling up their No. 2 prospect, outfielder A.J. Ewing, in hopes of sparking a struggling offense.",https://www.espn.com/mlb/story/_/id/48746188/sources-struggling-mets-call-prospect-aj-ewing,"Tue, 12 May 2026 07:34:04 EST",the mets are calling up their no  prospect outfielder aj ewing in hopes of sparking a struggling offense,"['the', 'mets', 'are', 'calling', 'up', 'their', 'no', 'prospect', 'outfielder', 'aj', 'ewing', 'in', 'hopes', 'of', 'sparking', 'a', 'struggling', 'offense']","['mets', 'calling', 'prospect', 'outfielder', 'ewing', 'hopes', 'sparking', 'struggling', 'offense']",9,47
mlb,Betts rejoins Dodgers after five weeks on IL,"Mookie Betts returned from the IL after a five-week absence on Monday, with the Dodgers hoping he can help spark a sluggish offense.",https://www.espn.com/mlb/story/_/id/48745756/mookie-betts-rejoins-dodgers-five-weeks-il,"Tue, 12 May 2026 07:34:04 EST",mookie betts returned from the il after a fiveweek absence on monday with the dodgers hoping he can help spark a sluggish offense,"['mookie', 'betts', 'returned', 'from', 'the', 'il', 'after', 'a', 'fiveweek', 'absence', 'on', 'monday', 'with', 'the', 'dodgers', 'hoping', 'he', 'can', 'help', 'spark', 'a', 'sluggish', 'offense']","['mookie', 'betts', 'returned', 'fiveweek', 'absence', 'monday', 'dodgers', 'hoping', 'help', 'spark', 'sluggish', 'offense']",12,44
mlb,Rangers scratch Eovaldi due to side tightness,Rangers right-hander Nathan Eovaldi was scratched from his scheduled start Monday against the Diamondbacks night because of left side tightness.,https://www.espn.com/mlb/story/_/id/48744303/rangers-nathan-eovaldi-face-d-backs-due-tight-side,"Tue, 12 May 2026 07:34:05 EST",rangers righthander nathan eovaldi was scratched from his scheduled start monday against the diamondbacks night because of left side tightness,"['rangers', 'righthander', 'nathan', 'eovaldi', 'was', 'scratched', 'from', 'his', 'scheduled', 'start', 'monday', 'against', 'the', 'diamondbacks', 'night', 'because', 'of', 'left', 'side', 'tightness']","['rangers', 'righthander', 'nathan', 'eovaldi', 'scratched', 'scheduled', 'start', 'monday', 'diamondbacks', 'night', 'left', 'side', 'tightness']",13,45
mlb,"Weathers loses no-no in 7th, then Yanks lose game","First, Ryan Weathers lost his no-hit bid. Not long after that, the Yankees lost the lead, eventually falling to the Orioles 3-2 in their fourth straight defeat.",https://www.espn.com/mlb/story/_/id/48746693/ryan-weathers-loses-no-hit-bid-yankees-lose-game-os,"Tue, 12 May 2026 07:34:05 EST",first ryan weathers lost his nohit bid not long after that the yankees lost the lead eventually falling to the orioles  in their fourth straight defeat,"['first', 'ryan', 'weathers', 'lost', 'his', 'nohit', 'bid', 'not', 'long', 'after', 'that', 'the', 'yankees', 'lost', 'the', 'lead', 'eventually', 'falling', 'to', 'the', 'orioles', 'in', 'their', 'fourth', 'straight', 'defeat']","['first', 'ryan', 'weathers', 'lost', 'nohit', 'bid', 'long', 'yankees', 'lost', 'lead', 'eventually', 'falling', 'orioles', 'fourth', 'straight', 'defeat']",16,49
mlb,Braves' Kim set for '26 debut; White to 7-day IL,"Braves shortstop Ha-Seong Kim was activated from the IL, clearing the way for his season debut, while Eli White was placed on the seven-day concussion IL.",https://www.espn.com/mlb/story/_/id/48744063/braves-activate-ha-seong-kim-put-eli-white-concussion-list,"Tue, 12 May 2026 07:34:04 EST",braves shortstop haseong kim was activated from the il clearing the way for his season debut while eli white was placed on the sevenday concussion il,"['braves', 'shortstop', 'haseong', 'kim', 'was', 'activated', 'from', 'the', 'il', 'clearing', 'the', 'way', 'for', 'his', 'season', 'debut', 'while', 'eli', 'white', 'was', 'placed', 'on', 'the', 'sevenday', 'concussion', 'il']","['braves', 'shortstop', 'haseong', 'kim', 'activated', 'clearing', 'way', 'season', 'debut', 'eli', 'white', 'placed', 'sevenday', 'concussion']",14,48
mlb,Jays' Barger (elbow) to IL after 101.2 mph assist,The Blue Jays put outfielder Addison Barger back on the injured list with right elbow inflammation and designated left-handed pitcher Eric Lauer for assignment.,https://www.espn.com/mlb/story/_/id/48743608/blue-jays-addison-barger-returns-il-elbow-inflammation,"Tue, 12 May 2026 07:34:05 EST",the blue jays put outfielder addison barger back on the injured list with right elbow inflammation and designated lefthanded pitcher eric lauer for assignment,"['the', 'blue', 'jays', 'put', 'outfielder', 'addison', 'barger', 'back', 'on', 'the', 'injured', 'list', 'with', 'right', 'elbow', 'inflammation', 'and', 'designated', 'lefthanded', 'pitcher', 'eric', 'lauer', 'for', 'assignment']","['blue', 'jays', 'put', 'outfielder', 'addison', 'barger', 'back', 'injured', 'list', 'right', 'elbow', 'inflammation', 'designated', 'lefthanded', 'pitcher', 'eric', 'lauer', 'assignment']",18,49
mlb,Yankees hope SS Caballero (finger) can avoid IL,Yankees shortstop José Caballero has been sidelined with a sore right middle finger and will undergo tests to determine the extent of the injury.,https://www.espn.com/mlb/story/_/id/48744400/yankees-jose-caballero-get-testing-injured-finger,"Tue, 12 May 2026 07:34:04 EST",yankees shortstop jos caballero has been sidelined with a sore right middle finger and will undergo tests to determine the extent of the injury,"['yankees', 'shortstop', 'jos', 'caballero', 'has', 'been', 'sidelined', 'with', 'a', 'sore', 'right', 'middle', 'finger', 'and', 'will', 'undergo', 'tests', 'to', 'determine', 'the', 'extent', 'of', 'the', 'injury']","['yankees', 'shortstop', 'jos', 'caballero', 'sidelined', 'sore', 'right', 'middle', 'finger', 'undergo', 'tests', 'determine', 'extent', 'injury']",14,47
mlb,Diamondbacks' Santana suffers setback in rehab,"Diamondbacks first baseman Carlos Santana, the oldest active position player in the majors, suffered a recent setback in his rehab from a right groin strain that has sidelined him since April 5.",https://www.espn.com/mlb/story/_/id/48744772/diamondbacks-carlos-santana-suffers-setback-injury-rehab,"Tue, 12 May 2026 07:34:05 EST",diamondbacks first baseman carlos santana the oldest active position player in the majors suffered a recent setback in his rehab from a right groin strain that has sidelined him since april ,"['diamondbacks', 'first', 'baseman', 'carlos', 'santana', 'the', 'oldest', 'active', 'position', 'player', 'in', 'the', 'majors', 'suffered', 'a', 'recent', 'setback', 'in', 'his', 'rehab', 'from', 'a', 'right', 'groin', 'strain', 'that', 'has', 'sidelined', 'him', 'since', 'april']","['diamondbacks', 'first', 'baseman', 'carlos', 'santana', 'oldest', 'active', 'position', 'player', 'majors', 'suffered', 'recent', 'setback', 'rehab', 'right', 'groin', 'strain', 'sidelined', 'since', 'april']",20,46
mlb,⚾ A May trade!? Grading Guardians-Giants deal,Cleveland acquired an elite defensive catcher from San Francisco. Which side fared best in the surprising swap?,https://www.espn.com/mlb/story/_/id/48722469/mlb-2026-trade-grades-patrick-bailey-cleveland-guardians-san-francisco-giants-report-card,"Tue, 12 May 2026 07:34:04 EST",cleveland acquired an elite defensive catcher from san francisco which side fared best in the surprising swap,"['cleveland', 'acquired', 'an', 'elite', 'defensive', 'catcher', 'from', 'san', 'francisco', 'which', 'side', 'fared', 'best', 'in', 'the', 'surprising', 'swap']","['cleveland', 'acquired', 'elite', 'defensive', 'catcher', 'san', 'francisco', 'side', 'fared', 'best', 'surprising', 'swap']",12,45
mlb,How two lefty sluggers are powering the best offense in baseball,Veteran All-Star Matt Olson and reigning Rookie of the Year Drake Baldwin headline a lineup that has the Braves running away with the NL East.,https://www.espn.com/mlb/story/_/id/48742605/mlb-2026-matt-olson-drake-baldwin-atlanta-braves-lineup-offsense-nl-east,"Tue, 12 May 2026 06:37:13 EST",veteran allstar matt olson and reigning rookie of the year drake baldwin headline a lineup that has the braves running away with the nl east,"['veteran', 'allstar', 'matt', 'olson', 'and', 'reigning', 'rookie', 'of', 'the', 'year', 'drake', 'baldwin', 'headline', 'a', 'lineup', 'that', 'has', 'the', 'braves', 'running', 'away', 'with', 'the', 'nl', 'east']","['veteran', 'allstar', 'matt', 'olson', 'reigning', 'rookie', 'year', 'drake', 'baldwin', 'headline', 'lineup', 'braves', 'running', 'away', 'east']",15,64
mlb,"Skubal's injury impact, lockout effects and more: ...",We polled those around the industry about the most intriguing topics surrounding this upcoming offseason.,https://www.espn.com/mlb/story/_/id/48733848/mlb-2026-27-free-agency-offseason-questions-market-skubal-lockout-top-free-agent,"Mon, 11 May 2026 22:04:43 EST",we polled those around the industry about the most intriguing topics surrounding this upcoming offseason,"['we', 'polled', 'those', 'around', 'the', 'industry', 'about', 'the', 'most', 'intriguing', 'topics', 'surrounding', 'this', 'upcoming', 'offseason']","['polled', 'around', 'industry', 'intriguing', 'topics', 'surrounding', 'upcoming', 'offseason']",8,53
mlb,Who can keep the Dodgers from three-peating? We id...,We make the case for the biggest threats to L.A.'s three-peat hopes.,https://www.espn.com/mlb/story/_/id/48702612/mlb-2026-teams-beat-dodgers-threepeat-braves-yankees-cubs-pirates-phillies-mariners,"Sat, 9 May 2026 00:41:19 EST",we make the case for the biggest threats to las threepeat hopes,"['we', 'make', 'the', 'case', 'for', 'the', 'biggest', 'threats', 'to', 'las', 'threepeat', 'hopes']","['make', 'case', 'biggest', 'threats', 'las', 'threepeat', 'hopes']",7,53
mlb,Free agent pickups: Waldschmidt and Snelling get t...,The top players you should consider claiming off the fantasy baseball waiver wire this week.,https://www.espn.com/fantasy/baseball/story/_/id/48740286/fantasy-baseball-free-agent-pickups-waiver-wire-may11-2026,"Mon, 11 May 2026 11:31:33 EST",the top players you should consider claiming off the fantasy baseball waiver wire this week,"['the', 'top', 'players', 'you', 'should', 'consider', 'claiming', 'off', 'the', 'fantasy', 'baseball', 'waiver', 'wire', 'this', 'week']","['top', 'players', 'consider', 'claiming', 'fantasy', 'baseball', 'waiver', 'wire', 'week']",9,53
mlb,Betts back for Dodgers and other Monday news to kn...,All of the important fantasy spin and actionable takeaways resulting from the latest baseball news.,https://www.espn.com/fantasy/baseball/story/_/id/48297021/espn-fantasy-baseball-buzz-injuries-promotions-demotions-trades-prospects-lineup-changes-mlb-news-analysis-2026,"Mon, 11 May 2026 11:31:33 EST",all of the important fantasy spin and actionable takeaways resulting from the latest baseball news,"['all', 'of', 'the', 'important', 'fantasy', 'spin', 'and', 'actionable', 'takeaways', 'resulting', 'from', 'the', 'latest', 'baseball', 'news']","['important', 'fantasy', 'spin', 'actionable', 'takeaways', 'resulting', 'latest', 'baseball', 'news']",9,53
mlb,Every team's odds to win the 2026 World Series: Do...,"Every MLB team's odds to win the 2026 World Series, led by the Dodgers with the slumping Mets way down the list.",https://www.espn.com/espn/betting/story/_/id/46793185/espn-mlb-betting-odds-futures-bets-world-series-american-national-league,"Mon, 11 May 2026 14:49:02 EST",every mlb teams odds to win the  world series led by the dodgers with the slumping mets way down the list,"['every', 'mlb', 'teams', 'odds', 'to', 'win', 'the', 'world', 'series', 'led', 'by', 'the', 'dodgers', 'with', 'the', 'slumping', 'mets', 'way', 'down', 'the', 'list']","['every', 'mlb', 'teams', 'odds', 'win', 'world', 'series', 'led', 'dodgers', 'slumping', 'mets', 'way', 'list']",13,53
mlb,"MLB awards: Ohtani, Judge continue to lead MVP odd...","Here are the odds for MVP, Cy Young and Rookie of the Year in the AL and NL.",https://www.espn.com/espn/betting/story/_/id/48350446/2026-mlb-awards-sports-betting-odds-tracker-mvp-cy-young-rookie-year,"Mon, 11 May 2026 14:49:02 EST",here are the odds for mvp cy young and rookie of the year in the al and nl,"['here', 'are', 'the', 'odds', 'for', 'mvp', 'cy', 'young', 'and', 'rookie', 'of', 'the', 'year', 'in', 'the', 'al', 'and', 'nl']","['odds', 'mvp', 'young', 'rookie', 'year']",5,53
